Model,Set,Threshold,Accuracy,Balanced_Accuracy,Precision,Recall,F1_Score,F2_Score,ROC_AUC,MCC
Pure Random Forest,Train,0.4130798601472405,0.5216387766878245,0.506069465887002,0.5189283634245777,0.9966442953020134,0.682497127537342,0.841677687511808,0.6448579191697796,0.06342859206683304
Pure Random Forest,Validation,0.4130798601472405,0.489247311827957,0.4972677595628415,0.49056603773584906,0.994535519125683,0.6570397111913358,0.8250226654578422,0.45748402579003666,-0.05276165410143953
Pure Random Forest,Test,0.4130798601472405,0.521505376344086,0.5,0.521505376344086,1.0,0.6855123674911661,0.8449477351916377,0.4982190432063014,0.0
Pure LSTM,Train,0.4686739817636097,0.5212332751599767,0.5103363742804177,0.5228070175438596,0.838963963963964,0.6441850410722006,0.748442837050432,0.5337302555262845,0.027436210093382048
Pure LSTM,Validation,0.4686739817636097,0.4972067039106145,0.49993757802746563,0.4971751412429379,0.9887640449438202,0.6616541353383458,0.8255159474671669,0.48820224719101124,-0.0005938573157698755
Pure LSTM,Test,0.4686739817636097,0.4972067039106145,0.5139631610219846,0.5777777777777777,0.13903743315508021,0.22413793103448276,0.16393442622950818,0.53722988397911,0.042077911394005976
Hybrid LSTM-RF,Train,0.42344086813349446,0.5189063408958697,0.5024453605229778,0.5178050204319906,0.9988738738738738,0.6820453671664745,0.842355175688509,0.6251463557420236,0.04144055666617316
Hybrid LSTM-RF,Validation,0.42344086813349446,0.49441340782122906,0.49719101123595505,0.4957983193277311,0.9943820224719101,0.6616822429906543,0.8278765201122544,0.4488139825218477,-0.05322211675273693
Hybrid LSTM-RF,Test,0.42344086813349446,0.5223463687150838,0.5,0.5223463687150838,1.0,0.6862385321100918,0.8453887884267631,0.49413641054507934,0.0
