Feature,Importance
FearGreed,0.31381607400520894
SP500_Return,0.263663023047518
DXY_Return,0.24014065898987721
FED,0.1764922391869905
CPI_Change,0.005888004770405317
