Model,Set,Threshold,Accuracy,Balanced_Accuracy,Precision,Recall,F1_Score,F2_Score,ROC_AUC,MCC
Pure Random Forest,Train,0.2354012412014662,0.2590882862088863,0.5061538461538462,0.2521840419336051,1.0,0.4027906976744186,0.6277181791823717,0.7005818084917392,0.055711790431011876
Pure Random Forest,Validation,0.2354012412014662,0.12365591397849462,0.5030487804878049,0.11891891891891893,1.0,0.21256038647342995,0.40293040293040294,0.48652300443458985,0.02692796611817723
Pure Random Forest,Test,0.2354012412014662,0.20161290322580644,0.5,0.20161290322580644,1.0,0.33557046979865773,0.5580357142857143,0.49037037037037035,0.0
Pure LSTM,Train,0.09506562105075798,0.2484002326934264,0.5,0.2484002326934264,1.0,0.3979496738117428,0.6229938721914211,0.6640921252021084,0.0
Pure LSTM,Validation,0.09506562105075798,0.12849162011173185,0.5031847133757962,0.12359550561797752,1.0,0.22,0.41353383458646614,0.497466705269253,0.028057664191085643
Pure LSTM,Test,0.09506562105075798,0.20391061452513967,0.5,0.20391061452513967,1.0,0.33874709976798145,0.5615384615384615,0.5602018745493872,0.0
Hybrid LSTM-RF,Train,0.23868365835500022,0.2617801047120419,0.5089009287925697,0.2517688679245283,1.0,0.4022609514837494,0.6272032902467685,0.7064732709304602,0.06694739375931077
Hybrid LSTM-RF,Validation,0.23868365835500022,0.2011173184357542,0.52504342790967,0.12883435582822086,0.9545454545454546,0.22702702702702704,0.41832669322709165,0.5141140706427331,0.05764095172910392
Hybrid LSTM-RF,Test,0.23868365835500022,0.20391061452513967,0.5,0.20391061452513967,1.0,0.33874709976798145,0.5615384615384615,0.5110310021629416,0.0
