Model,Set,Threshold,Accuracy,Balanced_Accuracy,Precision,Recall,F1_Score,F2_Score,ROC_AUC,MCC,Actual_Positive_Rate,Predicted_Positive_Rate
Pure Random Forest,Train,0.3369081736493717,0.3087132140796307,0.535380174098419,0.2640345465761875,0.9884526558891455,0.41674780915287246,0.6382344169400537,0.7005818084917392,0.12459627737534922,0.24985574148874784,0.9353721869590306
Pure Random Forest,Validation,0.3369081736493717,0.6182795698924731,0.5080376940133038,0.12307692307692308,0.36363636363636365,0.1839080459770115,0.26143790849673204,0.48652300443458985,0.01088793114278483,0.11827956989247312,0.34946236559139787
Pure Random Forest,Test,0.3369081736493717,0.3817204301075269,0.5031649831649831,0.20306513409961685,0.7066666666666667,0.31547619047619047,0.47237076648841353,0.49037037037037035,0.00555045407026168,0.20161290322580644,0.7016129032258065
Pure LSTM,Train,0.38385658340537965,0.4688772542175684,0.6004179929089841,0.3011456628477905,0.8618266978922716,0.44633110976349305,0.6279863481228669,0.6640921252021084,0.1914136608690402,0.2484002326934264,0.7108784176847004
Pure LSTM,Validation,0.38385658340537965,0.5195530726256983,0.5209177764910249,0.13218390804597702,0.5227272727272727,0.21100917431192662,0.32857142857142857,0.497466705269253,0.027482304074070367,0.12290502793296089,0.4860335195530726
Pure LSTM,Test,0.38385658340537965,0.20391061452513967,0.5,0.20391061452513967,1.0,0.33874709976798145,0.5615384615384615,0.5602018745493872,0.0,0.20391061452513967,1.0
Hybrid LSTM-RF,Train,0.3589548668758261,0.4293193717277487,0.602324881635139,0.2966226138032305,0.9461358313817331,0.45164896590273895,0.6579804560260586,0.7064732709304602,0.21798859844812865,0.2484002326934264,0.7923211169284468
Hybrid LSTM-RF,Validation,0.3589548668758261,0.6229050279329609,0.5602924145917776,0.15789473684210525,0.4772727272727273,0.23728813559322035,0.33980582524271846,0.5141140706427331,0.08193449008602897,0.12290502793296089,0.3715083798882682
Hybrid LSTM-RF,Test,0.3589548668758261,0.26536312849162014,0.5233117039173275,0.21212121212121213,0.958904109589041,0.34739454094292804,0.5627009646302251,0.5110310021629416,0.06996033631971078,0.20391061452513967,0.9217877094972067
