Feature,Importance
FearGreed,0.4201815962058397
FED,0.2847142429297694
SP500_Return,0.1600125396531968
DXY_Return,0.13100209732731413
CPI_Change,0.004089523883879889
